Bits,#1,#2,#3,uJ
2,0.1027,0.0921,0.0921,357.583002744
3,0.1023,0.0911,0.0935,358.23911282399996
4,0.8062,0.7942,0.805,359.14308671199996
5,0.8859,0.8851,0.8918,360.280344184
6,0.8996,0.8995,0.8996,361.735507064
7,0.8979,0.8961,0.9016,363.38307237600003
8,0.8918,0.8963,0.9059,365.264621688
9,0.8995,0.8981,0.8963,367.39333439199993
10,0.9075,0.8971,0.9004,369.76991090399997
11,0.9073,0.8963,0.8995,372.379771
12,0.904,0.8998,0.8912,375.252075128