N MSB,#1,#2,#3,uJ
1,0.8539,0.8533,0.8645,90.459965953
2,0.8533,0.8535,0.8596,180.885118184
3,0.8641,0.8612,0.8696,271.310270415
4,0.8672,0.8657,0.8778,361.735191512
5,0.8678,0.8778,0.8674,452.15477259
6,0.8663,0.8739,0.8698,542.5857271079999