Hidden dim,#1,#2,#3,uJ
114,0.8509,0.8525,0.8621,1036.596852712
200,0.8777,0.8735,0.8806,2655.8599176639996
300,0.8918,0.8894,0.8922,5609.9305148640005
400,0.8995,0.8991,0.9044,9647.959128064002
500,0.9016,0.8981,0.8981,3693.032023316