Hidden dim,#1,#2,#3,uJ
114,0.8602,0.8633,0.8643,25.563650992
200,0.8902,0.8863,0.893,50.96617030399999
300,0.8993,0.9004,0.8973,88.98619190400001
400,0.8922,0.8959,0.9026,139.571154304
500,0.9065,0.8993,0.9012,227.7869391039999