Input Bits,#1,#2,#3,uJ
2,0.1051,0.1002,0.1031,29.712050303999998
3,0.7482,0.7592,0.7643,29.71266624
4,0.879,0.8684,0.8802,29.71574592
5,0.9018,0.8979,0.9018,29.716977791999998
6,0.9018,0.9097,0.9016,29.721905279999994
7,0.9049,0.9079,0.8995,29.723753088000002
8,0.9053,0.8987,0.9055,29.730528384