N MSB,#1,#2,#3,uJ
1,0.8574,0.8533,0.8539,7.428952896
2,0.8665,0.8716,0.8723,14.857883904
3,0.8769,0.8749,0.8698,22.286814912
4,0.881,0.868,0.8778,29.71574592
5,0.8839,0.8839,0.8832,37.14467328
6,0.8845,0.8845,0.8849,44.573607936