Non CIM bits,#1,#2,#3,uJ
2,0.1051,0.1002,0.1031,29.415629439999996
3,0.1051,0.1002,0.1031,29.440809167999994
4,0.7997,0.7967,0.7891,29.476179383999998
5,0.8564,0.8531,0.8633,29.521618256
6,0.879,0.8706,0.8761,29.576454927999997
7,0.8743,0.881,0.8816,29.641359343999998
8,0.881,0.8684,0.8778,29.71566156
9,0.879,0.8816,0.8767,29.80042832
10,0.8802,0.8798,0.8812,29.894730135999996
11,0.8808,0.879,0.8788,29.998826096000005
12,0.8822,0.8743,0.8818,30.112990256000003