Hidden dim,#1,#2,#3,uJ
114,0.8576,0.8641,0.8698,25.563671188
200,0.8885,0.893,0.892,50.96619049999999
300,0.8892,0.902,0.9036,88.9862121
400,0.9061,0.9024,0.9006,139.5711745
500,0.8965,0.9042,0.9104,227.78695929999992