Hidden dim,#1,#2,#3,uJ
114,0.8576,0.8641,0.8698,29.715746128
200,0.8885,0.893,0.892,59.383995088000006
300,0.8892,0.902,0.9036,103.874139088
400,0.9061,0.9024,0.9006,163.083259088
500,0.8965,0.9042,0.9104,265.937307087998