Input Bits,#1,#2,#3,uJ
2,0.1002,0.0986,0.0984,25.559975572
3,0.7616,0.773,0.7804,25.560591507999998
4,0.8747,0.8765,0.8767,25.563671188
5,0.9008,0.9016,0.9,25.56490306
6,0.903,0.9022,0.9038,25.569830548
7,0.9014,0.9,0.9055,25.571678356
8,0.9073,0.9055,0.9016,25.578453652