N MSB,#1,#2,#3,uJ
1,0.8594,0.8566,0.857,6.3751556
2,0.8729,0.878,0.8759,12.781833596
3,0.8773,0.8788,0.8769,19.172752392
4,0.881,0.8765,0.8753,25.563671188
5,0.8725,0.8812,0.8794,31.954589528000003
6,0.8918,0.8788,0.8828,38.34550878