N MSB,#1,#2,#3,uJ
1,0.8594,0.8566,0.857,7.428952948
2,0.8729,0.878,0.8759,14.857905896
3,0.8773,0.8788,0.8769,22.286858844
4,0.881,0.8765,0.8753,29.715811792
5,0.8725,0.8812,0.8794,37.14476474
6,0.8918,0.8873,0.8828,44.573717688