Output Bits,#1,#2,#3,uJ
2,0.1002,0.1002,0.0984,5.117880980000001
3,0.1002,0.1002,0.1002,6.484437652
4,0.8753,0.8686,0.8708,9.217550995999998
5,0.8716,0.878,0.8784,14.631217812000001
6,0.8794,0.8802,0.8753,25.563671188
7,0.8788,0.8784,0.8822,47.376018068
8,0.8833,0.8773,0.8788,91.000711828