Output Bits,#1,#2,#3,uJ
2,0.1002,0.1002,0.0984,8.566967632
3,0.1002,0.1002,0.1002,12.1935988
4,0.8753,0.8686,0.8708,16.33268872
5,0.8716,0.878,0.8784,21.651090768000003
6,0.8794,0.8802,0.8753,29.715746128
7,0.8788,0.8784,0.8822,43.906911568
8,0.8833,0.8773,0.8788,71.730793808