Hidden dim,#1,#2,#3,uJ
114,,,,29.71574592
200,,,,59.38399488
300,,,,103.8741389
400,,,,163.0832589
500,,,,265.9373069