Hidden dim,#1,#2,#3,uJ
114,,,,29.71574613
200,,,,59.38399509
300,,,,103.8741391
400,,,,163.0832591
500,,,,265.9373071