Bits,#1,#2,#3,uJ
12,0.904,0.8998,0.8912,1054.502725
11,0.9073,0.8963,0.8995,1050.897882
10,0.9075,0.8971,0.9004,1047.555851
9,0.8995,0.8981,0.8963,1044.447433
8,0.8918,0.8963,0.9059,1041.587227
7,0.8979,0.8961,0.9016,1038.975234
6,0.8996,0.8995,0.8996,1036.596853
5,0.8859,0.8851,0.8918,1034.481285
4,,,,1032.61393
3,,,,1030.31895
2,,,,1028.772236